algorithm,data_type,array_size,avg_time_ms,avg_comparisons
quicksort,random,100,0.012342,3190
mergesort,random,100,0.0321164,661
string_quicksort,random,100,0.011492,4433
string_mergesort,random,100,0.0332084,1245
msd_radix,random,100,0.0263414,175
msd_radix_cutoff,random,100,0.0077918,2502
quicksort,random,200,0.0163168,5286
mergesort,random,200,0.0581666,1631
string_quicksort,random,200,0.0183666,6712
string_mergesort,random,200,0.0726916,2994
msd_radix,random,200,0.0471496,396
msd_radix_cutoff,random,200,0.0175666,5045
quicksort,random,300,0.0766084,9601
mergesort,random,300,0.095925,2710
string_quicksort,random,300,0.0275918,9697
string_mergesort,random,300,0.120808,4931
msd_radix,random,300,0.025083,613
msd_radix_cutoff,random,300,0.0265998,7692
quicksort,random,400,0.0495836,13027
mergesort,random,400,0.171633,3918
string_quicksort,random,400,0.0380752,13076
string_mergesort,random,400,0.2213,7050
msd_radix,random,400,0.033925,826
msd_radix_cutoff,random,400,0.0344998,10787
quicksort,random,500,0.0758248,20260
mergesort,random,500,0.185725,5149
string_quicksort,random,500,0.05045,15302
string_mergesort,random,500,0.228992,9202
msd_radix,random,500,0.0318084,1045
msd_radix_cutoff,random,500,0.0419752,12951
quicksort,random,600,0.0866,22983
mergesort,random,600,0.2441,6485
string_quicksort,random,600,0.0646502,17518
string_mergesort,random,600,0.36065,11539
msd_radix,random,600,0.0372918,1259
msd_radix_cutoff,random,600,0.0557336,16250
quicksort,random,700,0.11245,27369
mergesort,random,700,0.298867,7910
string_quicksort,random,700,0.127633,23378
string_mergesort,random,700,0.398042,13981
msd_radix,random,700,0.0471248,1481
msd_radix_cutoff,random,700,0.0636334,19560
quicksort,random,800,0.125375,26894
mergesort,random,800,0.372342,9277
string_quicksort,random,800,0.0907668,24864
string_mergesort,random,800,0.458717,16380
msd_radix,random,800,0.0478918,1704
msd_radix_cutoff,random,800,0.0711834,22084
quicksort,random,900,0.1833,38558
mergesort,random,900,0.421025,10770
string_quicksort,random,900,0.123592,29015
string_mergesort,random,900,0.50425,18879
msd_radix,random,900,0.0498916,1938
msd_radix_cutoff,random,900,0.0810084,25979
quicksort,random,1000,0.151375,33975
mergesort,random,1000,0.430416,12221
string_quicksort,random,1000,0.1343,35844
string_mergesort,random,1000,0.563892,21341
msd_radix,random,1000,0.0722498,2164
msd_radix_cutoff,random,1000,0.0936748,30933
quicksort,random,1100,0.186383,36454
mergesort,random,1100,0.570058,13756
string_quicksort,random,1100,0.156792,38052
string_mergesort,random,1100,0.60805,23955
msd_radix,random,1100,0.0653834,2389
msd_radix_cutoff,random,1100,0.115425,32903
quicksort,random,1200,0.243692,50359
mergesort,random,1200,0.556775,15330
string_quicksort,random,1200,0.170683,45725
string_mergesort,random,1200,0.681283,26647
msd_radix,random,1200,0.0665084,2633
msd_radix_cutoff,random,1200,0.11115,38624
quicksort,random,1300,0.240492,50436
mergesort,random,1300,0.673825,16874
string_quicksort,random,1300,0.188517,48571
string_mergesort,random,1300,0.817408,29307
msd_radix,random,1300,0.073025,2863
msd_radix_cutoff,random,1300,0.138584,42911
quicksort,random,1400,0.288925,53626
mergesort,random,1400,0.666742,18521
string_quicksort,random,1400,0.180592,49672
string_mergesort,random,1400,0.877992,32067
msd_radix,random,1400,0.0862084,3108
msd_radix_cutoff,random,1400,0.137792,42903
quicksort,random,1500,0.265875,57893
mergesort,random,1500,0.842558,20064
string_quicksort,random,1500,0.201775,59242
string_mergesort,random,1500,0.882084,34734
msd_radix,random,1500,0.0855416,3345
msd_radix_cutoff,random,1500,0.202733,47928
quicksort,random,1600,0.327367,62363
mergesort,random,1600,0.846325,21742
string_quicksort,random,1600,0.260184,62242
string_mergesort,random,1600,0.99295,37558
msd_radix,random,1600,0.0921918,3623
msd_radix_cutoff,random,1600,0.165466,55214
quicksort,random,1700,0.326558,64171
mergesort,random,1700,0.866467,23440
string_quicksort,random,1700,0.292458,67908
string_mergesort,random,1700,0.9961,40371
msd_radix,random,1700,0.144467,3876
msd_radix_cutoff,random,1700,0.176666,55889
quicksort,random,1800,0.350075,71450
mergesort,random,1800,0.936042,25099
string_quicksort,random,1800,0.245975,68298
string_mergesort,random,1800,1.20685,43120
msd_radix,random,1800,0.10885,4126
msd_radix_cutoff,random,1800,0.20495,62675
quicksort,random,1900,0.396167,87153
mergesort,random,1900,0.986833,26792
string_quicksort,random,1900,0.264267,72412
string_mergesort,random,1900,1.13928,45926
msd_radix,random,1900,0.113042,4371
msd_radix_cutoff,random,1900,0.209091,64210
quicksort,random,2000,0.405484,83589
mergesort,random,2000,1.01668,28507
string_quicksort,random,2000,0.299167,81174
string_mergesort,random,2000,1.29943,48789
msd_radix,random,2000,0.118825,4617
msd_radix_cutoff,random,2000,0.207025,71005
quicksort,random,2100,0.475092,106209
mergesort,random,2100,1.12331,30257
string_quicksort,random,2100,0.291167,85028
string_mergesort,random,2100,1.4164,51715
msd_radix,random,2100,0.140592,4867
msd_radix_cutoff,random,2100,0.249967,72332
quicksort,random,2200,0.5747,122135
mergesort,random,2200,1.12282,32034
string_quicksort,random,2200,0.316558,86263
string_mergesort,random,2200,1.35013,54673
msd_radix,random,2200,0.152417,5120
msd_radix_cutoff,random,2200,0.2437,74722
quicksort,random,2300,0.487408,93612
mergesort,random,2300,1.20826,33783
string_quicksort,random,2300,0.41425,94622
string_mergesort,random,2300,1.44741,57667
msd_radix,random,2300,0.143075,5374
msd_radix_cutoff,random,2300,0.250458,81365
quicksort,random,2400,0.521734,104608
mergesort,random,2400,1.26953,35511
string_quicksort,random,2400,0.382958,97503
string_mergesort,random,2400,1.61593,60591
msd_radix,random,2400,0.17875,5624
msd_radix_cutoff,random,2400,0.404359,87281
quicksort,random,2500,0.520233,107067
mergesort,random,2500,1.42816,37321
string_quicksort,random,2500,0.361983,103688
string_mergesort,random,2500,1.64513,63624
msd_radix,random,2500,0.1553,5903
msd_radix_cutoff,random,2500,0.293108,89880
quicksort,random,2600,0.555833,118212
mergesort,random,2600,1.4283,39121
string_quicksort,random,2600,0.4031,112602
string_mergesort,random,2600,1.81001,66628
msd_radix,random,2600,0.234317,6165
msd_radix_cutoff,random,2600,0.282342,94847
quicksort,random,2700,0.645017,116705
mergesort,random,2700,1.41204,40878
string_quicksort,random,2700,0.4027,113049
string_mergesort,random,2700,1.78373,69610
msd_radix,random,2700,0.170158,6425
msd_radix_cutoff,random,2700,0.294375,101154
quicksort,random,2800,0.613892,132225
mergesort,random,2800,1.53113,42794
string_quicksort,random,2800,0.403725,124304
string_mergesort,random,2800,2.07407,72723
msd_radix,random,2800,0.204709,6703
msd_radix_cutoff,random,2800,0.334317,104813
quicksort,random,2900,0.625342,125754
mergesort,random,2900,1.56225,44482
string_quicksort,random,2900,0.471,131789
string_mergesort,random,2900,2.02485,75672
msd_radix,random,2900,0.217967,6987
msd_radix_cutoff,random,2900,0.315441,110898
quicksort,random,3000,0.648517,140888
mergesort,random,3000,1.75019,46367
string_quicksort,random,3000,0.517034,141769
string_mergesort,random,3000,2.08411,78750
msd_radix,random,3000,0.205583,7263
msd_radix_cutoff,random,3000,0.508517,114682
quicksort,reverse_sorted,100,0.02315,7621
mergesort,reverse_sorted,100,0.0245996,795
string_quicksort,reverse_sorted,100,0.0070332,3111
string_mergesort,reverse_sorted,100,0.0364998,1815
msd_radix,reverse_sorted,100,0.0081746,240
msd_radix_cutoff,reverse_sorted,100,0.0277752,3241
quicksort,reverse_sorted,200,0.0699168,22851
mergesort,reverse_sorted,200,0.0526166,1737
string_quicksort,reverse_sorted,200,0.0168332,7962
string_mergesort,reverse_sorted,200,0.0761834,4123
msd_radix,reverse_sorted,200,0.0159918,486
msd_radix_cutoff,reverse_sorted,200,0.0188252,6979
quicksort,reverse_sorted,300,0.128967,51054
mergesort,reverse_sorted,300,0.0862666,2626
string_quicksort,reverse_sorted,300,0.0268918,13172
string_mergesort,reverse_sorted,300,0.11585,6521
msd_radix,reverse_sorted,300,0.024308,733
msd_radix_cutoff,reverse_sorted,300,0.0282334,11024
quicksort,reverse_sorted,400,0.202767,64704
mergesort,reverse_sorted,400,0.11945,3698
string_quicksort,reverse_sorted,400,0.0367504,17360
string_mergesort,reverse_sorted,400,0.1671,9173
msd_radix,reverse_sorted,400,0.0427416,985
msd_radix_cutoff,reverse_sorted,400,0.038825,14368
quicksort,reverse_sorted,500,0.284417,92002
mergesort,reverse_sorted,500,0.157783,4703
string_quicksort,reverse_sorted,500,0.0474748,22642
string_mergesort,reverse_sorted,500,0.229775,11644
msd_radix,reverse_sorted,500,0.0431334,1219
msd_radix_cutoff,reverse_sorted,500,0.0466,18431
quicksort,reverse_sorted,600,0.3948,128835
mergesort,reverse_sorted,600,0.21225,5590
string_quicksort,reverse_sorted,600,0.0565748,23456
string_mergesort,reverse_sorted,600,0.295275,14351
msd_radix,reverse_sorted,600,0.0443834,1452
msd_radix_cutoff,reverse_sorted,600,0.066725,20852
quicksort,reverse_sorted,700,0.4773,143532
mergesort,reverse_sorted,700,0.285817,6573
string_quicksort,reverse_sorted,700,0.0684166,29999
string_mergesort,reverse_sorted,700,0.322584,17115
msd_radix,reverse_sorted,700,0.0651832,1704
msd_radix_cutoff,reverse_sorted,700,0.066825,24776
quicksort,reverse_sorted,800,0.619209,176174
mergesort,reverse_sorted,800,0.284417,7711
string_quicksort,reverse_sorted,800,0.0941086,35783
string_mergesort,reverse_sorted,800,0.4258,19955
msd_radix,reverse_sorted,800,0.0587332,1950
msd_radix_cutoff,reverse_sorted,800,0.0761082,28535
quicksort,reverse_sorted,900,0.696292,218414
mergesort,reverse_sorted,900,0.333467,8800
string_quicksort,reverse_sorted,900,0.143342,40672
string_mergesort,reverse_sorted,900,0.45635,22822
msd_radix,reverse_sorted,900,0.067058,2203
msd_radix_cutoff,reverse_sorted,900,0.0861,32187
quicksort,reverse_sorted,1000,0.886883,240927
mergesort,reverse_sorted,1000,0.375142,9976
string_quicksort,reverse_sorted,1000,0.124559,45052
string_mergesort,reverse_sorted,1000,0.49035,25664
msd_radix,reverse_sorted,1000,0.0821002,2459
msd_radix_cutoff,reverse_sorted,1000,0.0959836,35570
quicksort,reverse_sorted,1100,0.9723,301910
mergesort,reverse_sorted,1100,0.426875,11032
string_quicksort,reverse_sorted,1100,0.11665,52899
string_mergesort,reverse_sorted,1100,0.550233,28717
msd_radix,reverse_sorted,1100,0.082,2703
msd_radix_cutoff,reverse_sorted,1100,0.105367,40556
quicksort,reverse_sorted,1200,1.10078,341596
mergesort,reverse_sorted,1200,0.483,11923
string_quicksort,reverse_sorted,1200,0.156908,56564
string_mergesort,reverse_sorted,1200,0.616825,31609
msd_radix,reverse_sorted,1200,0.0928332,2943
msd_radix_cutoff,reverse_sorted,1200,0.117017,44801
quicksort,reverse_sorted,1300,1.30622,400614
mergesort,reverse_sorted,1300,0.5546,12952
string_quicksort,reverse_sorted,1300,0.1367,57421
string_mergesort,reverse_sorted,1300,0.712725,34521
msd_radix,reverse_sorted,1300,0.105483,3180
msd_radix_cutoff,reverse_sorted,1300,0.1997,47924
quicksort,reverse_sorted,1400,1.43063,381546
mergesort,reverse_sorted,1400,0.644317,13924
string_quicksort,reverse_sorted,1400,0.209758,66470
string_mergesort,reverse_sorted,1400,0.814842,37395
msd_radix,reverse_sorted,1400,0.107866,3415
msd_radix_cutoff,reverse_sorted,1400,0.134233,51169
quicksort,reverse_sorted,1500,1.5097,409670
mergesort,reverse_sorted,1500,0.704525,15106
string_quicksort,reverse_sorted,1500,0.195433,71261
string_mergesort,reverse_sorted,1500,0.818675,40378
msd_radix,reverse_sorted,1500,0.107534,3643
msd_radix_cutoff,reverse_sorted,1500,0.165392,54510
quicksort,reverse_sorted,1600,1.69099,464921
mergesort,reverse_sorted,1600,0.733517,16165
string_quicksort,reverse_sorted,1600,0.205509,73231
string_mergesort,reverse_sorted,1600,0.927683,43237
msd_radix,reverse_sorted,1600,0.113042,3875
msd_radix_cutoff,reverse_sorted,1600,0.180542,57514
quicksort,reverse_sorted,1700,1.76704,502222
mergesort,reverse_sorted,1700,0.778958,17264
string_quicksort,reverse_sorted,1700,0.236267,80117
string_mergesort,reverse_sorted,1700,1.03415,46301
msd_radix,reverse_sorted,1700,0.119425,4116
msd_radix_cutoff,reverse_sorted,1700,0.158683,59824
quicksort,reverse_sorted,1800,1.99523,576029
mergesort,reverse_sorted,1800,0.805958,18489
string_quicksort,reverse_sorted,1800,0.214109,83774
string_mergesort,reverse_sorted,1800,1.01085,49324
msd_radix,reverse_sorted,1800,0.281767,4353
msd_radix_cutoff,reverse_sorted,1800,0.172525,63313
quicksort,reverse_sorted,1900,2.10909,599678
mergesort,reverse_sorted,1900,0.831691,19742
string_quicksort,reverse_sorted,1900,0.230059,89157
string_mergesort,reverse_sorted,1900,1.01824,52473
msd_radix,reverse_sorted,1900,0.139117,4604
msd_radix_cutoff,reverse_sorted,1900,0.181125,67035
quicksort,reverse_sorted,2000,2.31727,638003
mergesort,reverse_sorted,2000,0.841709,20891
string_quicksort,reverse_sorted,2000,0.242684,96216
string_mergesort,reverse_sorted,2000,1.12832,55365
msd_radix,reverse_sorted,2000,0.139742,4849
msd_radix_cutoff,reverse_sorted,2000,0.202666,71148
quicksort,reverse_sorted,2100,2.48454,711225
mergesort,reverse_sorted,2100,0.889058,22082
string_quicksort,reverse_sorted,2100,0.246092,100266
string_mergesort,reverse_sorted,2100,1.22455,58655
msd_radix,reverse_sorted,2100,0.1478,5096
msd_radix_cutoff,reverse_sorted,2100,0.223425,73792
quicksort,reverse_sorted,2200,2.61684,783410
mergesort,reverse_sorted,2200,0.981617,23083
string_quicksort,reverse_sorted,2200,0.25525,104303
string_mergesort,reverse_sorted,2200,1.27032,61876
msd_radix,reverse_sorted,2200,0.154533,5329
msd_radix_cutoff,reverse_sorted,2200,0.218667,76390
quicksort,reverse_sorted,2300,2.74536,811474
mergesort,reverse_sorted,2300,1.04226,23969
string_quicksort,reverse_sorted,2300,0.269342,109376
string_mergesort,reverse_sorted,2300,1.28161,64885
msd_radix,reverse_sorted,2300,0.166442,5570
msd_radix_cutoff,reverse_sorted,2300,0.231316,80303
quicksort,reverse_sorted,2400,2.95127,878101
mergesort,reverse_sorted,2400,1.11078,24903
string_quicksort,reverse_sorted,2400,0.329025,116011
string_mergesort,reverse_sorted,2400,1.36818,68049
msd_radix,reverse_sorted,2400,0.169325,5814
msd_radix_cutoff,reverse_sorted,2400,0.265767,84207
quicksort,reverse_sorted,2500,3.17687,950207
mergesort,reverse_sorted,2500,1.18915,26143
string_quicksort,reverse_sorted,2500,0.312384,120935
string_mergesort,reverse_sorted,2500,1.44071,71388
msd_radix,reverse_sorted,2500,0.173175,6060
msd_radix_cutoff,reverse_sorted,2500,0.250767,87515
quicksort,reverse_sorted,2600,3.38956,1.01323e+06
mergesort,reverse_sorted,2600,1.1796,27244
string_quicksort,reverse_sorted,2600,0.312933,125094
string_mergesort,reverse_sorted,2600,1.55318,74611
msd_radix,reverse_sorted,2600,0.188666,6301
msd_radix_cutoff,reverse_sorted,2600,0.30585,90781
quicksort,reverse_sorted,2700,3.54785,1.02547e+06
mergesort,reverse_sorted,2700,1.25064,28228
string_quicksort,reverse_sorted,2700,0.322708,131707
string_mergesort,reverse_sorted,2700,1.53856,77795
msd_radix,reverse_sorted,2700,0.186858,6546
msd_radix_cutoff,reverse_sorted,2700,0.296633,95606
quicksort,reverse_sorted,2800,3.62217,1.00786e+06
mergesort,reverse_sorted,2800,1.29242,29234
string_quicksort,reverse_sorted,2800,0.358008,137554
string_mergesort,reverse_sorted,2800,1.6506,80817
msd_radix,reverse_sorted,2800,0.194892,6776
msd_radix_cutoff,reverse_sorted,2800,0.302142,98644
quicksort,reverse_sorted,2900,3.85395,1.04825e+06
mergesort,reverse_sorted,2900,1.31189,30499
string_quicksort,reverse_sorted,2900,0.3482,143487
string_mergesort,reverse_sorted,2900,1.73448,84213
msd_radix,reverse_sorted,2900,0.208208,7026
msd_radix_cutoff,reverse_sorted,2900,0.273025,102257
quicksort,reverse_sorted,3000,4.03423,1.08461e+06
mergesort,reverse_sorted,3000,1.36661,31763
string_quicksort,reverse_sorted,3000,0.373583,150808
string_mergesort,reverse_sorted,3000,1.80568,87404
msd_radix,reverse_sorted,3000,0.224442,7263
msd_radix_cutoff,reverse_sorted,3000,0.325759,106001
quicksort,almost_sorted,100,0.020125,8900
mergesort,almost_sorted,100,0.0129834,565
string_quicksort,almost_sorted,100,0.0108838,4169
string_mergesort,almost_sorted,100,0.0171248,1526
msd_radix,almost_sorted,100,0.0079668,232
msd_radix_cutoff,almost_sorted,100,0.0097916,4223
quicksort,almost_sorted,200,0.0839334,13233
mergesort,almost_sorted,200,0.0420082,1337
string_quicksort,almost_sorted,200,0.0166916,8422
string_mergesort,almost_sorted,200,0.0408666,3516
msd_radix,almost_sorted,200,0.0194918,473
msd_radix_cutoff,almost_sorted,200,0.0197584,8440
quicksort,almost_sorted,300,0.07675,26373
mergesort,almost_sorted,300,0.0554996,2208
string_quicksort,almost_sorted,300,0.0350834,12033
string_mergesort,almost_sorted,300,0.0695168,5618
msd_radix,almost_sorted,300,0.0227584,698
msd_radix_cutoff,almost_sorted,300,0.0275832,11496
quicksort,almost_sorted,400,0.111375,39743
mergesort,almost_sorted,400,0.0798752,3040
string_quicksort,almost_sorted,400,0.0456332,18648
string_mergesort,almost_sorted,400,0.105042,7872
msd_radix,almost_sorted,400,0.0298252,938
msd_radix_cutoff,almost_sorted,400,0.0376586,16057
quicksort,almost_sorted,500,0.12735,43807
mergesort,almost_sorted,500,0.105825,3935
string_quicksort,almost_sorted,500,0.0515502,22477
string_mergesort,almost_sorted,500,0.155267,10156
msd_radix,almost_sorted,500,0.0357502,1177
msd_radix_cutoff,almost_sorted,500,0.0472084,19279
quicksort,almost_sorted,600,0.164925,50260
mergesort,almost_sorted,600,0.139158,5047
string_quicksort,almost_sorted,600,0.0605166,27129
string_mergesort,almost_sorted,600,0.171909,12712
msd_radix,almost_sorted,600,0.0425834,1420
msd_radix_cutoff,almost_sorted,600,0.0590418,23236
quicksort,almost_sorted,700,0.198808,68405
mergesort,almost_sorted,700,0.199417,6337
string_quicksort,almost_sorted,700,0.0683168,28980
string_mergesort,almost_sorted,700,0.226958,15338
msd_radix,almost_sorted,700,0.0492166,1656
msd_radix_cutoff,almost_sorted,700,0.070158,27353
quicksort,almost_sorted,800,0.227075,68838
mergesort,almost_sorted,800,0.193842,6705
string_quicksort,almost_sorted,800,0.0807998,35408
string_mergesort,almost_sorted,800,0.2406,17620
msd_radix,almost_sorted,800,0.0605252,1897
msd_radix_cutoff,almost_sorted,800,0.0855418,31743
quicksort,almost_sorted,900,0.277408,78721
mergesort,almost_sorted,900,0.232966,7923
string_quicksort,almost_sorted,900,0.0935498,38510
string_mergesort,almost_sorted,900,0.296417,20176
msd_radix,almost_sorted,900,0.0618164,2130
msd_radix_cutoff,almost_sorted,900,0.0982334,35613
quicksort,almost_sorted,1000,0.395308,88588
mergesort,almost_sorted,1000,0.274125,8485
string_quicksort,almost_sorted,1000,0.111392,42868
string_mergesort,almost_sorted,1000,0.403842,22704
msd_radix,almost_sorted,1000,0.0653332,2377
msd_radix_cutoff,almost_sorted,1000,0.101,38343
quicksort,almost_sorted,1100,0.341792,108958
mergesort,almost_sorted,1100,0.290842,9586
string_quicksort,almost_sorted,1100,0.143958,48386
string_mergesort,almost_sorted,1100,0.354908,25319
msd_radix,almost_sorted,1100,0.0765834,2623
msd_radix_cutoff,almost_sorted,1100,0.111175,42548
quicksort,almost_sorted,1200,0.258675,77980
mergesort,almost_sorted,1200,0.339017,11333
string_quicksort,almost_sorted,1200,0.126808,51110
string_mergesort,almost_sorted,1200,0.450467,28359
msd_radix,almost_sorted,1200,0.0823502,2876
msd_radix_cutoff,almost_sorted,1200,0.119425,46261
quicksort,almost_sorted,1300,0.390292,110447
mergesort,almost_sorted,1300,0.365625,12187
string_quicksort,almost_sorted,1300,0.154616,54594
string_mergesort,almost_sorted,1300,0.4686,31089
msd_radix,almost_sorted,1300,0.0934252,3114
msd_radix_cutoff,almost_sorted,1300,0.160875,50050
quicksort,almost_sorted,1400,0.400758,118897
mergesort,almost_sorted,1400,0.417242,13737
string_quicksort,almost_sorted,1400,0.150958,61395
string_mergesort,almost_sorted,1400,0.55995,33975
msd_radix,almost_sorted,1400,0.0969252,3356
msd_radix_cutoff,almost_sorted,1400,0.170891,52736
quicksort,almost_sorted,1500,0.445725,116889
mergesort,almost_sorted,1500,0.473367,14403
string_quicksort,almost_sorted,1500,0.171567,62956
string_mergesort,almost_sorted,1500,0.574542,36642
msd_radix,almost_sorted,1500,0.1036,3592
msd_radix_cutoff,almost_sorted,1500,0.152808,57157
quicksort,almost_sorted,1600,0.479092,137329
mergesort,almost_sorted,1600,0.519625,15278
string_quicksort,almost_sorted,1600,0.178575,70889
string_mergesort,almost_sorted,1600,0.6194,39133
msd_radix,almost_sorted,1600,0.109325,3821
msd_radix_cutoff,almost_sorted,1600,0.180875,60893
quicksort,almost_sorted,1700,0.536258,127420
mergesort,almost_sorted,1700,0.60575,16235
string_quicksort,almost_sorted,1700,0.18405,71322
string_mergesort,almost_sorted,1700,0.661142,41820
msd_radix,almost_sorted,1700,0.117917,4057
msd_radix_cutoff,almost_sorted,1700,0.181917,64917
quicksort,almost_sorted,1800,0.621541,185214
mergesort,almost_sorted,1800,0.587692,17987
string_quicksort,almost_sorted,1800,0.200675,79212
string_mergesort,almost_sorted,1800,0.750633,44794
msd_radix,almost_sorted,1800,0.122725,4295
msd_radix_cutoff,almost_sorted,1800,0.2118,68503
quicksort,almost_sorted,1900,0.449342,133097
mergesort,almost_sorted,1900,0.597867,18538
string_quicksort,almost_sorted,1900,0.231808,83004
string_mergesort,almost_sorted,1900,0.756084,47328
msd_radix,almost_sorted,1900,0.139217,4533
msd_radix_cutoff,almost_sorted,1900,0.206492,72781
quicksort,almost_sorted,2000,0.569117,175301
mergesort,almost_sorted,2000,0.603375,19602
string_quicksort,almost_sorted,2000,0.248725,88265
string_mergesort,almost_sorted,2000,0.807625,50155
msd_radix,almost_sorted,2000,0.162425,4783
msd_radix_cutoff,almost_sorted,2000,0.204617,76819
quicksort,almost_sorted,2100,0.617917,170856
mergesort,almost_sorted,2100,0.656192,20563
string_quicksort,almost_sorted,2100,0.231216,95296
string_mergesort,almost_sorted,2100,0.844025,53009
msd_radix,almost_sorted,2100,0.150217,5038
msd_radix_cutoff,almost_sorted,2100,0.215925,82227
quicksort,almost_sorted,2200,0.603842,177673
mergesort,almost_sorted,2200,0.81715,20886
string_quicksort,almost_sorted,2200,0.261842,95655
string_mergesort,almost_sorted,2200,0.852317,55809
msd_radix,almost_sorted,2200,0.175617,5292
msd_radix_cutoff,almost_sorted,2200,0.225142,86635
quicksort,almost_sorted,2300,0.75595,221533
mergesort,almost_sorted,2300,0.771175,23487
string_quicksort,almost_sorted,2300,0.29225,102933
string_mergesort,almost_sorted,2300,0.913733,59253
msd_radix,almost_sorted,2300,0.18625,5542
msd_radix_cutoff,almost_sorted,2300,0.258133,90733
quicksort,almost_sorted,2400,0.7177,215758
mergesort,almost_sorted,2400,0.833367,25129
string_quicksort,almost_sorted,2400,0.278283,105873
string_mergesort,almost_sorted,2400,0.983308,62453
msd_radix,almost_sorted,2400,0.1857,5798
msd_radix_cutoff,almost_sorted,2400,0.288425,95372
quicksort,almost_sorted,2500,0.897792,272525
mergesort,almost_sorted,2500,1.02198,25751
string_quicksort,almost_sorted,2500,0.301017,114139
string_mergesort,almost_sorted,2500,1.06927,65231
msd_radix,almost_sorted,2500,0.17705,6033
msd_radix_cutoff,almost_sorted,2500,0.281692,97702
quicksort,almost_sorted,2600,1.04103,328796
mergesort,almost_sorted,2600,0.878475,26826
string_quicksort,almost_sorted,2600,0.300516,115903
string_mergesort,almost_sorted,2600,1.15815,68183
msd_radix,almost_sorted,2600,0.193158,6268
msd_radix_cutoff,almost_sorted,2600,0.264767,100968
quicksort,almost_sorted,2700,1.55523,418087
mergesort,almost_sorted,2700,0.983559,28147
string_quicksort,almost_sorted,2700,0.332008,119589
string_mergesort,almost_sorted,2700,1.14291,71327
msd_radix,almost_sorted,2700,0.198375,6521
msd_radix_cutoff,almost_sorted,2700,0.306191,104258
quicksort,almost_sorted,2800,1.25407,378457
mergesort,almost_sorted,2800,0.933933,29112
string_quicksort,almost_sorted,2800,0.352125,126523
string_mergesort,almost_sorted,2800,1.27803,74338
msd_radix,almost_sorted,2800,0.231958,6771
msd_radix_cutoff,almost_sorted,2800,0.302575,108800
quicksort,almost_sorted,2900,1.63708,443668
mergesort,almost_sorted,2900,0.978533,29735
string_quicksort,almost_sorted,2900,0.370292,129739
string_mergesort,almost_sorted,2900,1.42672,77319
msd_radix,almost_sorted,2900,0.21015,7023
msd_radix_cutoff,almost_sorted,2900,0.306775,113396
quicksort,almost_sorted,3000,3.94083,1.10715e+06
mergesort,almost_sorted,3000,0.999608,29913
string_quicksort,almost_sorted,3000,0.335792,133628
string_mergesort,almost_sorted,3000,1.35212,80198
msd_radix,almost_sorted,3000,0.227825,7263
msd_radix_cutoff,almost_sorted,3000,0.400592,116817
quicksort,prefix_shared,100,0.0153748,15460
mergesort,prefix_shared,100,0.0311002,12792
string_quicksort,prefix_shared,100,0.0171412,10196
string_mergesort,prefix_shared,100,0.071975,17697
msd_radix,prefix_shared,100,0.0348004,2394
msd_radix_cutoff,prefix_shared,100,0.018275,10162
quicksort,prefix_shared,200,0.030175,26720
mergesort,prefix_shared,200,0.0691084,20146
string_quicksort,prefix_shared,200,0.0310498,18199
string_mergesort,prefix_shared,200,0.155592,32355
msd_radix,prefix_shared,200,0.0607666,3914
msd_radix_cutoff,prefix_shared,200,0.0348836,18163
quicksort,prefix_shared,300,0.0467666,34070
mergesort,prefix_shared,300,0.112158,24095
string_quicksort,prefix_shared,300,0.0443582,23987
string_mergesort,prefix_shared,300,0.24255,41545
msd_radix,prefix_shared,300,0.0876416,4732
msd_radix_cutoff,prefix_shared,300,0.0504254,24615
quicksort,prefix_shared,400,0.0745752,52774
mergesort,prefix_shared,400,0.158316,30568
string_quicksort,prefix_shared,400,0.059567,29967
string_mergesort,prefix_shared,400,0.302,53698
msd_radix,prefix_shared,400,0.0945,5822
msd_radix_cutoff,prefix_shared,400,0.0634082,30803
quicksort,prefix_shared,500,0.0864082,56279
mergesort,prefix_shared,500,0.22605,40081
string_quicksort,prefix_shared,500,0.097483,40590
string_mergesort,prefix_shared,500,0.377125,71325
msd_radix,prefix_shared,500,0.118133,7538
msd_radix_cutoff,prefix_shared,500,0.083092,37623
quicksort,prefix_shared,600,0.111567,72320
mergesort,prefix_shared,600,0.281117,45034
string_quicksort,prefix_shared,600,0.10505,45444
string_mergesort,prefix_shared,600,0.495,85946
msd_radix,prefix_shared,600,0.140967,8857
msd_radix_cutoff,prefix_shared,600,0.100083,44639
quicksort,prefix_shared,700,0.147867,88058
mergesort,prefix_shared,700,0.305,54898
string_quicksort,prefix_shared,700,0.126833,55821
string_mergesort,prefix_shared,700,0.592192,106833
msd_radix,prefix_shared,700,0.191158,10725
msd_radix_cutoff,prefix_shared,700,0.134092,53414
quicksort,prefix_shared,800,0.174909,104098
mergesort,prefix_shared,800,0.409108,64983
string_quicksort,prefix_shared,800,0.1555,64830
string_mergesort,prefix_shared,800,0.767325,124910
msd_radix,prefix_shared,800,0.195933,12282
msd_radix_cutoff,prefix_shared,800,0.166275,62033
quicksort,prefix_shared,900,0.188167,117490
mergesort,prefix_shared,900,0.425967,74356
string_quicksort,prefix_shared,900,0.188842,75572
string_mergesort,prefix_shared,900,0.751942,145796
msd_radix,prefix_shared,900,0.216791,14164
msd_radix_cutoff,prefix_shared,900,0.187858,69071
quicksort,prefix_shared,1000,0.228133,126948
mergesort,prefix_shared,1000,0.51735,85395
string_quicksort,prefix_shared,1000,0.2127,82884
string_mergesort,prefix_shared,1000,0.947108,165693
msd_radix,prefix_shared,1000,0.2541,15904
msd_radix_cutoff,prefix_shared,1000,0.203675,77739
quicksort,prefix_shared,1100,0.324191,215183
mergesort,prefix_shared,1100,0.510909,94758
string_quicksort,prefix_shared,1100,0.195567,95657
string_mergesort,prefix_shared,1100,1.01107,189966
msd_radix,prefix_shared,1100,0.285158,18019
msd_radix_cutoff,prefix_shared,1100,0.196308,87074
quicksort,prefix_shared,1200,1.13537,894701
mergesort,prefix_shared,1200,0.6017,108956
string_quicksort,prefix_shared,1200,0.2112,102266
string_mergesort,prefix_shared,1200,1.08362,219025
msd_radix,prefix_shared,1200,0.336542,20474
msd_radix_cutoff,prefix_shared,1200,0.21845,97091
quicksort,prefix_shared,1300,0.269809,170590
mergesort,prefix_shared,1300,0.655617,116266
string_quicksort,prefix_shared,1300,0.260167,115259
string_mergesort,prefix_shared,1300,1.28511,240814
msd_radix,prefix_shared,1300,0.362508,22159
msd_radix_cutoff,prefix_shared,1300,0.272067,105094
quicksort,prefix_shared,1400,0.466317,296532
mergesort,prefix_shared,1400,0.802325,126920
string_quicksort,prefix_shared,1400,0.277708,121461
string_mergesort,prefix_shared,1400,1.36921,260554
msd_radix,prefix_shared,1400,0.365091,23803
msd_radix_cutoff,prefix_shared,1400,0.284275,110293
quicksort,prefix_shared,1500,0.353275,197579
mergesort,prefix_shared,1500,0.734592,136735
string_quicksort,prefix_shared,1500,0.288884,128774
string_mergesort,prefix_shared,1500,1.50178,280176
msd_radix,prefix_shared,1500,0.436684,25321
msd_radix_cutoff,prefix_shared,1500,0.290017,115288
quicksort,prefix_shared,1600,0.529308,280665
mergesort,prefix_shared,1600,0.861017,148919
string_quicksort,prefix_shared,1600,0.295825,142290
string_mergesort,prefix_shared,1600,1.56141,309825
msd_radix,prefix_shared,1600,0.440792,27839
msd_radix_cutoff,prefix_shared,1600,0.310417,127949
quicksort,prefix_shared,1700,0.396658,234445
mergesort,prefix_shared,1700,0.867108,157597
string_quicksort,prefix_shared,1700,0.369367,153890
string_mergesort,prefix_shared,1700,1.75007,327674
msd_radix,prefix_shared,1700,0.483092,29271
msd_radix_cutoff,prefix_shared,1700,0.408966,135366
quicksort,prefix_shared,1800,0.457658,260829
mergesort,prefix_shared,1800,0.9751,164506
string_quicksort,prefix_shared,1800,0.345325,162375
string_mergesort,prefix_shared,1800,1.83502,345602
msd_radix,prefix_shared,1800,0.53945,30697
msd_radix_cutoff,prefix_shared,1800,0.356967,141927
quicksort,prefix_shared,1900,0.450833,272360
mergesort,prefix_shared,1900,0.998508,178023
string_quicksort,prefix_shared,1900,0.364992,165873
string_mergesort,prefix_shared,1900,1.90152,371992
msd_radix,prefix_shared,1900,0.511075,32869
msd_radix_cutoff,prefix_shared,1900,0.362433,152592
quicksort,prefix_shared,2000,0.55975,348684
mergesort,prefix_shared,2000,1.07715,192766
string_quicksort,prefix_shared,2000,0.382391,178413
string_mergesort,prefix_shared,2000,1.98863,398180
msd_radix,prefix_shared,2000,0.5596,34993
msd_radix_cutoff,prefix_shared,2000,0.412108,161645
quicksort,prefix_shared,2100,0.544358,291028
mergesort,prefix_shared,2100,1.12722,199010
string_quicksort,prefix_shared,2100,0.401583,184832
string_mergesort,prefix_shared,2100,2.12632,418896
msd_radix,prefix_shared,2100,0.583567,36635
msd_radix_cutoff,prefix_shared,2100,0.3964,169109
quicksort,prefix_shared,2200,0.646233,381963
mergesort,prefix_shared,2200,1.14916,212128
string_quicksort,prefix_shared,2200,0.461942,196826
string_mergesort,prefix_shared,2200,2.20725,445433
msd_radix,prefix_shared,2200,0.605533,38601
msd_radix_cutoff,prefix_shared,2200,0.437675,178341
quicksort,prefix_shared,2300,0.608775,324359
mergesort,prefix_shared,2300,1.27384,216872
string_quicksort,prefix_shared,2300,0.440158,209192
string_mergesort,prefix_shared,2300,2.38455,464031
msd_radix,prefix_shared,2300,0.600875,39994
msd_radix_cutoff,prefix_shared,2300,0.457083,185766
quicksort,prefix_shared,2400,0.578958,343548
mergesort,prefix_shared,2400,1.31264,230681
string_quicksort,prefix_shared,2400,0.486175,215674
string_mergesort,prefix_shared,2400,2.49387,495970
msd_radix,prefix_shared,2400,0.685658,42434
msd_radix_cutoff,prefix_shared,2400,0.474867,194882
quicksort,prefix_shared,2500,0.745458,452352
mergesort,prefix_shared,2500,1.31739,241836
string_quicksort,prefix_shared,2500,0.491208,219767
string_mergesort,prefix_shared,2500,4.64377,519660
msd_radix,prefix_shared,2500,0.696983,44154
msd_radix_cutoff,prefix_shared,2500,0.511058,201708
quicksort,prefix_shared,2600,0.6659,444801
mergesort,prefix_shared,2600,1.53407,251854
string_quicksort,prefix_shared,2600,0.567192,238885
string_mergesort,prefix_shared,2600,2.80503,548583
msd_radix,prefix_shared,2600,0.702775,46268
msd_radix_cutoff,prefix_shared,2600,0.56665,211842
quicksort,prefix_shared,2700,0.864508,514491
mergesort,prefix_shared,2700,1.57417,261800
string_quicksort,prefix_shared,2700,0.519225,245158
string_mergesort,prefix_shared,2700,2.79744,566998
msd_radix,prefix_shared,2700,0.7474,47639
msd_radix_cutoff,prefix_shared,2700,0.55545,218697
quicksort,prefix_shared,2800,0.907292,553113
mergesort,prefix_shared,2800,1.75303,270129
string_quicksort,prefix_shared,2800,0.56955,249057
string_mergesort,prefix_shared,2800,2.95517,583278
msd_radix,prefix_shared,2800,0.7504,48846
msd_radix_cutoff,prefix_shared,2800,0.544142,225385
quicksort,prefix_shared,2900,0.739,430859
mergesort,prefix_shared,2900,1.56853,276439
string_quicksort,prefix_shared,2900,0.584534,256617
string_mergesort,prefix_shared,2900,3.26183,599313
msd_radix,prefix_shared,2900,0.782625,49984
msd_radix_cutoff,prefix_shared,2900,0.612683,232605
quicksort,prefix_shared,3000,0.8769,446411
mergesort,prefix_shared,3000,1.68803,286512
string_quicksort,prefix_shared,3000,0.623042,267382
string_mergesort,prefix_shared,3000,3.33138,622615
msd_radix,prefix_shared,3000,0.881783,51722
msd_radix_cutoff,prefix_shared,3000,0.620092,241282
